{
	"name": "martincitopants'-space-modpack-fixed-squared",
	"version": "0.2",
	"title": "Martincitopants' Space Modpack (Has Various Fixes)",
	"author": "PhonieZ",
	"homepage": "",
	"factorio_version": "1.1",
	"dependencies": ["base >= 1.1", "Avatars", "aai-containers", "aai-industry", "aai-programmable-structures", "aai-programmable-vehicles", "aai-signal-transmission", "aai-signals", "aai-vehicles-chaingunner", "aai-vehicles-flame-tank", "aai-vehicles-flame-tumbler", "aai-vehicles-hauler","aai-vehicles-laser-tank", "aai-vehicles-miner", "aai-vehicles-warden", "aai-zones", "actual-craft-times-remade", "AfraidOfTheDark", "alien-biomes", "alien-biomes-hr-terrain", "Armor-MK4", "ArmouredBiters", "boblibrary", "bullet-trails", "cargo-ships", "combat-mechanics-overhaul", "! EndgameCombat", "! seoh-fixed", "deadlock-beltboxes-loaders", "deadlock-integrations", "DragonIndustries", "Enhanced_Map_Colors", "EpicArtillerySounds", "equipment-gantry", "even-distribution","FNEI","YARM", "Explosive Termites", "ezlib", "Factorissimo2", "fast_trans", "Fill4Me", "flib", "Flow Control", "GDIW", "grappling-gun", "GunEquipment", "helmod", "Honk", "Induction Charging", "informatron", "jetpack", "Kux-OrbitalIonCannon", "Nightfall", "Nova-Natural_Evolution_Enemies", "Quicksearch", "Portals", "Power Armor MK3", "? qol_research", "QuickItemSearch","RampantArsenal", "RateCalculator", "RitnLib", "robot_attrition", "Robot_Battery_Research", "SchallEndgameEvolution", "SE-PFR-fix", "se-recycling-extras", "se-science-scale", "Searchlight","AutoDeconstruct", "shield-projector", "space-exploration","space-exploration-extra-items", "space-exploration-graphics", "space-exploration-graphics-2", "space-exploration-graphics-3", "space-exploration-graphics-4", "space-exploration-graphics-5", "space-exploration-pipe-qol", "space-exploration-postprocess", "space-exploration-substation-replacement", "Squeak Through", "stasis_mine", "StatsGui", "stdlib", "Todo-List", "VehicleSnap", "Waterfill_v17"],
	"description": "This is a version of Martincitopants' Space Modpack, which has various fixes, and also adds some extra QOL mods. Also big credits to both Slikk and NikoMew for making this pack possible. Anyways for further info, check the Github README for further details."
}
