{
	"name": "marts-space-pack",
	"version": "1.4.0",
	"title": "Martincitopants' Space Modpack (Includes House Waterfilling Fix)",
	"author": "Phoniez",
	"homepage": "",
	"factorio_version": "1.1",
	"dependencies": ["base >= 1.1", "SE-no-pollution-in-space", "Personal-Roboport-Mk3", "More-Exoskeletons", "WideChests_AAI_Containers_Fix", "textplates", "FlareStack-SE", "Flare Stack", "Deadlock-SE-bridge", "Deadlock-AAII-bridge", "LogisticTrainNetwork", "Big_Brother", "beautiful_bridge_railway_Cargoships", "blueprint-sandboxes", "SchallMinorTweaks", "rocket-log", "power-grid-comb", "QueueToFrontNG", "guiManager", "GUI_Unifyer", "CursorEnhancements", "calculator-ui", "ModuleInserter", "entity-waterfilling-re-enabled", "aai-containers", "aai-industry", "aai-programmable-structures", "aai-programmable-vehicles", "aai-signal-transmission", "aai-signals", "aai-vehicles-chaingunner", "aai-vehicles-flame-tank", "aai-vehicles-flame-tumbler", "aai-vehicles-hauler","aai-vehicles-laser-tank", "aai-vehicles-miner", "aai-vehicles-warden", "aai-zones", "actual-craft-times-remade", "AfraidOfTheDark", "alien-biomes", "alien-biomes-hr-terrain", "Armor-MK4", "ArmouredBiters", "boblibrary", "bullet-trails", "cargo-ships", "combat-mechanics-overhaul", "EndgameCombat", "seoh", "deadlock-beltboxes-loaders", "deadlock-integrations", "DragonIndustries", "Enhanced_Map_Colors", "EpicArtillerySounds", "equipment-gantry", "even-distribution","FNEI","YARM", "Explosive Termites", "ezlib", "Factorissimo2", "fast_trans", "Fill4Me", "flib", "Flow Control", "GDIW", "grappling-gun", "GunEquipment", "helmod", "Honk", "Induction Charging", "informatron", "jetpack", "Kux-OrbitalIonCannon", "Nightfall", "Nova-Natural_Evolution_Enemies", "Quicksearch", "Portals", "Power Armor MK3", "qol_research", "QuickItemSearch","RampantArsenal", "RateCalculator", "RitnLib", "robot_attrition", "Robot_Battery_Research", "SchallEndgameEvolution", "SE-PFR-fix", "se-recycling-extras", "se-science-scale", "Searchlight","AutoDeconstruct", "shield-projector", "space-exploration","space-exploration-extra-items", "space-exploration-graphics", "space-exploration-graphics-2", "space-exploration-graphics-3", "space-exploration-graphics-4", "space-exploration-graphics-5", "space-exploration-pipe-qol", "space-exploration-postprocess", "space-exploration-substation-replacement", "Squeak Through", "stasis_mine", "StatsGui", "stdlib", "Todo-List", "VehicleSnap", "Waterfill_v17"],
	"description": "This is a version of Martincitopants' Space Modpack that includes, a fix to make house waterfilling function again and various extra QOL mods and some other extras. Also, a big thanks to both Slikk and NikoMew for making this pack possible. For further info and some links, check the mod page description.\n\nIMPORTANT note: Install INGAME via the mod manager, also to update pack, uninstall main pack mod and reinstall it INGAME."
}
