{
	"name": "martincitopants-space-modpack-fixed-squared",
	"version": "0.1.0",
	"title": "Martincitopants' Space Modpack (Fix of the seoh fix)",
	"author": "PhonieZ",
	"homepage": "",
	"factorio_version": "1.1",
	"dependencies": ["base >= 1.1", "aai-containers", "aai-industry", "aai-programmable-structures", "aai-programmable-vehicles", "aai-signal-transmission", "aai-signals", "aai-vehicles-chaingunner", "aai-vehicles-flame-tank", "aai-vehicles-flame-tumbler", "aai-vehicles-hauler","aai-vehicles-laser-tank", "aai-vehicles-miner", "aai-vehicles-warden", "aai-zones", "actual-craft-times-remade", "AfraidOfTheDark", "alien-biomes", "alien-biomes-hr-terrain", "Armor-MK4", "ArmouredBiters", "boblibrary", "bullet-trails", "cargo-ships", "combat-mechanics-overhaul", "deadlock-beltboxes-loaders", "deadlock-integrations", "DragonIndustries", "EndgameCombat", "Enhanced_Map_Colors", "EpicArtillerySounds", "equipment-gantry", "even-distribution","FNEI","YARM", "Explosive Termites", "ezlib", "Factorissimo2", "fast_trans", "Fill4Me", "flib", "Flow Control", "GDIW", "grappling-gun", "GunEquipment", "helmod", "Honk", "Induction Charging", "informatron", "jetpack", "Kux-OrbitalIonCannon", "Nightfall", "Nova-Natural_Evolution_Enemies", "Portals", "Power Armor MK3", "qol_research", "QuickItemSearch","RampantArsenal", "RateCalculator", "RitnLib", "robot_attrition", "Robot_Battery_Research", "SchallEndgameEvolution", "SE-PFR-fix", "se-recycling-extras", "se-science-scale", "Searchlight","AutoDeconstruct", "seoh-fixed", "shield-projector", "space-exploration","space-exploration-extra-items", "space-exploration-graphics", "space-exploration-graphics-2", "space-exploration-graphics-3", "space-exploration-graphics-4", "space-exploration-graphics-5", "space-exploration-pipe-qol", "space-exploration-postprocess", "space-exploration-substation-replacement", "Squeak Through", "stasis_mine", "StatsGui", "stdlib", "Todo-List", "VehicleSnap", "Waterfill_v17"],
	"description": "A version of Martincitopants' Space Modpack, which is a fixed version of the one by Slikk, and again credits to NikoMew for the original modpack: https://mods.factorio.com/mod/martincitopants-space-modpack .Credits aside, for this fork of a fork, I added some extra missing QOL/Quality Of Life mods and fixed the dependency error. Also note this still includes the simplified Space Exploration fix."
}
