{
	"name": "marts-space-pack-tweaked",
	"version": "1.0.0",
	"title": "Martincitopants' Space Modpack (Tweaked)",
	"author": "Phoniez",
	"homepage": "",
	"factorio_version": "1.1",
	"dependencies": ["AfraidOfTheDark", "ArmouredBiters", "AutoDeconstruct", "Avatars", "Big_Brother", "CursorEnhancements", "Deadlock-AAII-bridge", "Deadlock-SE-bridge", "EnableResearchQueue", "Enhanced_Map_Colors", "Explosive Termites", "FNEI", "Factorissimo2", "Fill4Me", "Flare Stack", "FlareStack-SE", "Flow Control", "GDIW", "GUI_Unifyer", "GunEquipment", "Honk", "Kux-OrbitalIonCannon", "LogisticTrainNetwork", "ModuleInserter", "More-Exoskeletons", "Nightfall", "Nova-Natural_Evolution_Enemies", "Personal-Roboport-Mk3", "Portals", "Power Armor MK3", "QueueToFrontNG", "QuickItemSearch", "RampantArsenal", "RateCalculator", "RitnLib", "Robot_Battery_Research", "SE-PFR-fix", "SE-no-pollution-in-space", "SchallEndgameEvolution", "SchallMinorTweaks", "Searchlight", "Squeak Through", "Todo-List", "TrupenRocks", "VehicleSnap", "Waterfill_v17", "WideChests", "WideChests_AAI_Containers_Fix", "YARM", "aai-programmable-structures", "aai-programmable-vehicles", "aai-vehicles-chaingunner", "aai-vehicles-flame-tank", "aai-vehicles-flame-tumbler", "aai-vehicles-hauler", "aai-vehicles-laser-tank", "aai-vehicles-laser-tank", "aai-vehicles-warden", "actual-craft-times-remade", "alien-biomes-hr-terrain", "beautiful_bridge_railway_Cargoships", "blueprint-sandboxes", "boblibrary", "bullet-trails", "calculator-ui", "cargo-ships", "combat-mechanics-overhaul", "deadlock-beltboxes-loaders", "deadlock-integrations", "entity-waterfilling-re-enabled", "equipment-gantry", "even-distribution", "ezlib", "fast_trans", "grappling-gun", "gui-toggle", "guiManager", "helmod", "power-grid-comb", "rocket-log", "se-recycling-extras", "se-science-scale", "space-exploration", "space-exploration-extra-items", "space-exploration-pipe-qol", "space-exploration-substation-replacement", "stasis_mine", "textplates"],
	"description": "This is a derivative of the main space modpack, made for my personal use, link to original: https://mods.factorio.com/mod/martincitopants-space-modpack-fixed-squared\n\nIMPORTANT note: Install INGAME via the mod manager, also to update pack, uninstall main pack mod and reinstall it INGAME."
}
